Purchase Rate,Month
0.06451612903225806,January
0.058823529411764705,February
0.08661417322834646,March
0.08870967741935484,April
0.1,May
0.10833333333333334,June
0.11382113821138211,July
0.09375,August
0.07865168539325842,September
0.0924092409240924,October
0.12015503875968993,November
0.1292517006802721,December
